{"cameraMode":{"drawMode":0,"name":"Shaded","section":"Shading Mode"},"sceneLighting":false,"audioPlay":false,"sceneViewState":{"showFog":true,"showMaterialUpdate":false,"showSkybox":false,"showFlares":true,"showImageEffects":true,"showParticleSystems":true},"in2DMode":false,"pivot":{"x":-0.34701550006866457,"y":0.46079587936401369,"z":-0.08687829971313477},"rotation":{"x":0.43230223655700686,"y":-0.23852230608463288,"z":0.11950960010290146,"w":0.8616054058074951},"size":1.7185046672821046,"orthographic":false}