{"cameraMode":{"drawMode":0,"name":"Shaded","section":"Shading Mode"},"sceneLighting":true,"audioPlay":false,"sceneViewState":{"showFog":true,"showMaterialUpdate":false,"showSkybox":true,"showFlares":true,"showImageEffects":true,"showParticleSystems":true},"in2DMode":false,"pivot":{"x":-0.10599999874830246,"y":-0.1080000028014183,"z":0.2839820981025696},"rotation":{"x":-0.11714936047792435,"y":-0.206582173705101,"z":0.02505950815975666,"w":-0.9718250036239624},"size":1.3227851390838624,"orthographic":true}