{"cameraMode":{"drawMode":0,"name":"Shaded","section":"Shading Mode"},"sceneLighting":true,"audioPlay":false,"sceneViewState":{"showFog":true,"showMaterialUpdate":false,"showSkybox":true,"showFlares":true,"showImageEffects":true,"showParticleSystems":true},"in2DMode":false,"pivot":{"x":15.592750549316407,"y":28.10006332397461,"z":4.316261291503906},"rotation":{"x":-0.07968318462371826,"y":0.3668695092201233,"z":-0.031557921320199969,"w":-0.926320493221283},"size":65.28823852539063,"orthographic":false}