{"cameraMode":{"drawMode":0,"name":"Shaded","section":"Shading Mode"},"sceneLighting":true,"audioPlay":false,"sceneViewState":{"showFog":true,"showMaterialUpdate":false,"showSkybox":true,"showFlares":true,"showImageEffects":true,"showParticleSystems":true},"in2DMode":false,"pivot":{"x":-1.607234001159668,"y":2.1183347702026369,"z":0.4373006820678711},"rotation":{"x":-0.06992652267217636,"y":0.8944190144538879,"z":-0.15059654414653779,"w":-0.4152970612049103},"size":9.12024974822998,"orthographic":false}